grid,year,bucket_reflo,squirrel_id_spring
AG,2016,0 0,19308
AG,2017,0 0,22630
AG,2016,0 15,12176
AG,2017,0 15,12176
AG,2006,0,
AG,2007,0,8559
AG,2008,0,8559
AG,2009,0,10465
AG,2010,0,10465
AG,2012,0,11471
AG,2013,0,13410
AG,2014,0,13410
AG,2016,0,22069
AG,2017,0,22630
AG,2006,0.9,7165
AG,2007,0.9,8563
AG,2008,0.9,8563
AG,2009,0.9,12090
AG,2010,0.9,12090
AG,2012,0.9,12090
AG,2013,0.9,12090
AG,2014,0.9,12090
AG,2016,0.9,21883
AG,2017,0.9,22526
AG,2006,15,7775
AG,2007,15,7775
AG,2008,15,8736
AG,2009,15,8736
AG,2010,15,10878
AG,2012,15,10345
AG,2013,15,12176
AG,2014,15,12176
AG,2006,2,7003
AG,2007,2,10307
AG,2008,2,10307
AG,2009,2,10307
AG,2010,2,10307
AG,2012,A.23.,10978
AG,2013,A.23.,12280
AG,2014,A.23.,12280
AG,2016,A.23.,21469
AG,2017,A.23.,22157
AG,2005,A0.,
AG,2006,A0.,
AG,2007,A0.,10260
AG,2008,A0.,10260
AG,2009,A0.,10260
AG,2010,A0.,10260
AG,2012,A0.,12554
AG,2013,A0.,12554
AG,2014,A0.,12554
AG,2016,A0.,20782
AG,2017,A0.,20782
AG,2012,A0,12553
AG,2013,A0,12553
AG,2014,A0,12553
AG,2016,A0,22038
AG,2017,A0,22038
AG,2006,A14.,7764
AG,2007,A14.,7764
AG,2008,A14.,10168
AG,2009,A14.,10168
AG,2010,A14.,10893
AG,2012,A14.,12147
AG,2013,A14.,12147
AG,2014,A14.,12147
AG,2016,A14.,21344
AG,2017,A14.,20184
AG,2007,A18,
AG,2008,A18,10702
AG,2009,A18,10464
AG,2010,A18,10464
AG,2012,A18,12082
AG,2013,A18,12082
AG,2014,A18,12082
AG,2016,A18,22108
AG,2017,A18,22108
AG,2005,A2,7119
AG,2006,A2,8568
AG,2007,A2,8568
AG,2008,A2,8568
AG,2009,A2,10456
AG,2010,A2,10805
AG,2012,A2,10986
AG,2013,A2,12120
AG,2014,A2,12120
AG,2016,A2,22005
AG,2017,A2,22005
AG,2007,A22.,
AG,2008,A22.,8565
AG,2009,A22.,
AG,2010,A22.,10978
AG,2005,A26.,6936
AG,2006,A26.,6936
AG,2007,A26.,
AG,2006,A27,6936
AG,2006,B.26,
AG,2007,B.26,
AG,2005,B.9.,7165
AG,2006,B.9.,
AG,2012,B.9.,11739
AG,2013,B.9.,12926
AG,2014,B.9.,12926
AG,2016,B.9.,12926
AG,2017,B.9.,12926
AG,2012,B1.,12880
AG,2013,B1.,12880
AG,2014,B1.,19519
AG,2016,B1.,22019
AG,2017,B1.,22518
AG,2005,B12.,7000
AG,2006,B12.,7000
AG,2007,B12.,7795
AG,2008,B12.,10631
AG,2009,B12.,10631
AG,2010,B12.,12713
AG,2012,B12.,11851
AG,2013,B12.,19485
AG,2014,B12.,19485
AG,2016,B12.,19485
AG,2017,B12.,
AG,2006,B14.,6734
AG,2007,B14.,
AG,2008,B14.,10399
AG,2009,B14.,10399
AG,2010,B14.,10895
AG,2012,B14.,10895
AG,2013,B14.,10895
AG,2014,B14.,10895
AG,2016,B14.,20182
AG,2017,B14.,20182
AG,2006,B17.,
AG,2005,B24.,7042
AG,2006,B24.,7042
AG,2007,B24.,
AG,2005,B27.,10088
AG,2006,B27.,10088
AG,2007,B27.,
AG,2005,B3.,8286
AG,2006,B3.,8286
AG,2007,B3.,8286
AG,2008,B3.,8286
AG,2009,B3.,10678
AG,2010,B3.,10678
AG,2012,B3.,11767
AG,2013,B3.,11767
AG,2014,B3.,11767
AG,2016,B3.,22070
AG,2017,B3.,20226
AG,2005,B30,7071
AG,2006,B30,7071
AG,2007,B30,
AG,2007,C.0,8249
AG,2008,C.0,8249
AG,2009,C.0,
AG,2010,C.0,10648
AG,2012,C.0,12095
AG,2013,C.0,12095
AG,2014,C.0,12095
AG,2016,C.0,20139
AG,2017,C.0,20139
AG,2006,C.27.,7105
AG,2005,C1,7763
AG,2006,C1,7763
AG,2007,C1,7763
AG,2008,C1,10069
AG,2009,C1,10069
AG,2010,C1,11291
AG,2007,C10,10320
AG,2008,C10,10320
AG,2009,C10,10320
AG,2010,C10,10320
AG,2006,C15,7615
AG,2007,C15,7615
AG,2008,C15,10399
AG,2009,C15,
AG,2010,C15,
AG,2012,C15,12962
AG,2013,C15,13401
AG,2014,C15,13401
AG,2016,C15,13401
AG,2017,C15,13401
AG,2005,C17.,6504
AG,2006,C17.,10186
AG,2007,C17.,10186
AG,2008,C17.,10186
AG,2009,C17.,10186
AG,2010,C17.,10893
AG,2012,C17.,12645
AG,2013,C17.,13156
AG,2014,C17.,13156
AG,2016,C17.,22013
AG,2017,C17.,22013
AG,2007,C2.,7870
AG,2008,C2.,10703
AG,2009,C2.,10703
AG,2010,C2.,10703
AG,2012,C2.,12361
AG,2013,C2.,13274
AG,2014,C2.,13274
AG,2016,C2.,21599
AG,2017,C2.,21599
AG,2005,C20.,6357
AG,2006,C20.,7317
AG,2007,C20.,8561
AG,2008,C20.,8561
AG,2009,C20.,10468
AG,2010,C20.,10468
AG,2012,C20.,12041
AG,2013,C20.,12041
AG,2014,C20.,12041
AG,2016,C20.,21346
AG,2017,C20.,21346
AG,2005,C6,8153
AG,2006,C6,8248
AG,2007,C6,8248
AG,2008,C6,8248
AG,2009,C6,10467
AG,2010,C6,10641
AG,2012,C6,12186
AG,2013,C6,12186
AG,2014,C6,12186
AG,2016,C6,20225
AG,2017,C6,20225
AG,2005,D.22,8621
AG,2006,D.22,8621
AG,2007,D.22,8621
AG,2008,D.22,8621
AG,2009,D.22,11193
AG,2010,D.22,11193
AG,2012,D.22,19280
AG,2013,D.22,19280
AG,2014,D.22,19280
AG,2016,D.22,19280
AG,2017,D.22,22389
AG,2005,D.24,7905
AG,2006,D.24,7905
AG,2007,D.24,
AG,2005,D.30,7044
AG,2006,D.30,7044
AG,2007,D.30,
AG,2012,D.8.,10456
AG,2013,D.8.,12928
AG,2005,D25,7905
AG,2006,D25,10113
AG,2007,D25,
AG,2006,D29,7105
AG,2007,D29,
AG,2005,D30.,7044
AG,2006,D30.,7044
AG,2007,D30.,
AG,2005,E.26.,7110
AG,2006,E.26.,7110
AG,2007,E.26.,
AG,2005,E.29.,7111
AG,2006,E.29.,7111
AG,2007,E.29.,
AG,2005,E0,6941
AG,2006,E0,6941
AG,2007,E0,7822
AG,2008,E0,8257
AG,2009,E0,10700
AG,2010,E0,10826
AG,2012,E0,10650
AG,2013,E0,13564
AG,2014,E0,13564
AG,2016,E0,20141
AG,2017,E0,20141
AG,2005,E17,7902
AG,2006,E17,7902
AG,2007,E17,10259
AG,2008,E17,10259
AG,2009,E17,10259
AG,2010,E17,10398
AG,2012,E17,11891
AG,2013,E17,12962
AG,2014,E17,11499
AG,2016,E17,21299
AG,2017,E17,22535
AG,2005,E19,7161
AG,2006,E19,7161
AG,2007,E19,10299
AG,2008,E19,10299
AG,2009,E19,10299
AG,2010,E19,11499
AG,2012,E19,11921
AG,2013,E19,11921
AG,2014,E19,11921
AG,2016,E19,21930
AG,2017,E19,21930
AG,2013,E8.,12928
AG,2014,E8.,12474
AG,2016,E8.,22026
AG,2017,E8.,22144
AG,2005,F.16.,6729
AG,2006,F.16.,6729
AG,2007,F.16.,8261
AG,2008,F.16.,8261
AG,2009,F.16.,10416
AG,2010,F.16.,10416
AG,2012,F.16.,
AG,2013,F.16.,19275
AG,2014,F.16.,19275
AG,2016,F.16.,19275
AG,2017,F.16./F16.,19275
AG,2006,F.3.,7095
AG,2007,F.3,10305
AG,2008,F.3,10305
AG,2009,F.3,10305
AG,2010,F.3,11349
AG,2012,F.3,12555
AG,2013,F.3,12555
AG,2014,F.3,12555
AG,2016,F.3,13567
AG,2017,F.3,13567
AG,2012,F.5.,12075
AG,2013,F.5.,12075
AG,2014,F.5.,
AG,2016,F.5.,21086
AG,2017,F.5.,21086
AG,2007,F.7,10253
AG,2008,F.7,8620
AG,2009,F.7,10344
AG,2010,F.7,10573
AG,2012,F.8.,12786
AG,2013,F.8.,12786
AG,2014,F.8.,12786
AG,2016,F.8.,11737
AG,2017,F.8.,11737
AG,2005,F.9,7093
AG,2006,F.9,7093
AG,2007,F.9,10340
AG,2008,F.9,10340
AG,2009,F.9,10340
AG,2010,F.9,10340
AG,2005,F12,7476
AG,2006,F12,7476
AG,2007,F12,7476
AG,2008,F12,8622
AG,2009,F12,10570
AG,2010,F12,10570
AG,2012,F12,13265
AG,2013,F12,19274
AG,2014,F12,19274
AG,2016,F12,22052
AG,2017,F12,22052
AG,2012,F14.,12655
AG,2013,F14.,12655
AG,2014,F14.,12655
AG,2016,F14.,13269
AG,2017,F14.,13269
AG,2007,F21.,8621
AG,2008,F21.,10750
AG,2009,F21.,10750
AG,2010,F21.,10750
AG,2012,F21.,12174
AG,2013,F21.,19244
AG,2014,F21.,19863
AG,2016,F21.,19863
AG,2017,F21./F21,22475
AG,2005,F23,7269
AG,2006,F23,7269
AG,2005,F24.,6835
AG,2006,F24.,6835
AG,2007,F24.,
AG,2007,G.0.,10701
AG,2008,G.0.,10701
AG,2009,G.0.,10701
AG,2010,G.0.,10650
AG,2012,G.0.,12353
AG,2013,G.0.,12353
AG,2014,G.0.,12353
AG,2016,G.0.,22089
AG,2017,G.0.,22089
AG,2013,G.15,12177
AG,2014,G.15,12177
AG,2016,G.15,12177
AG,2017,G.15,12177
AG,2006,G.18,6729
AG,2007,G.18,8261
AG,2008,G.18,8668
AG,2009,G.18,10416
AG,2010,G.18,11100
AG,2012,G.18,12087
AG,2013,G.18,12087
AG,2006,G.25.,
AG,2006,G.27,7072
AG,2007,G.27,
AG,2005,G.29.,6605
AG,2006,G.29.,7113
AG,2007,G.29.,
AG,2012,G.8.,11738
AG,2013,G.8.,11738
AG,2014,G.8.,11738
AG,2016,G.8.,19925
AG,2017,G.8.,21153
AG,2005,G.9.,6387
AG,2006,G.9.,7285
AG,2007,G.9.,7483
AG,2008,G.9.,11211
AG,2009,G.9.,11211
AG,2010,G.9.,10167
AG,2005,G13.,6586
AG,2006,G13.,7120
AG,2007,G13.,10254
AG,2008,G13.,10254
AG,2009,G13.,10254
AG,2010,G13.,11309
AG,2012,G13.,11934
AG,2013,G13.,11934
AG,2014,G13.,11934
AG,2016,G13./G13,19962
AG,2017,G13./G13,19962
AG,2013,G18,
AG,2014,G18,12087
AG,2016,G18,12087
AG,2017,G18,20255
AG,2005,G19,7329
AG,2006,G19,7329
AG,2012,G19,13260
AG,2013,G19,13246
AG,2014,G19,13246
AG,2016,G19,13246
AG,2017,G19,13246
AG,2005,G23.,7269
AG,2006,G23.,7269
AG,2013,H.0,12270
AG,2014,H.0,12270
AG,2016,H.0,21438
AG,2017,H.0,21438
AG,2005,H.26.,7037
AG,2006,H.26.,7911
AG,2007,H.26.,
AG,2005,H.7,7205
AG,2006,H.7,8620
AG,2007,H.7,7483
AG,2008,H.7,8813
AG,2009,H.7,8813
AG,2010,H.7,10533
AG,2012,H.7,12348
AG,2013,H.7,12348
AG,2014,H.7,12348
AG,2016,H.7,12348
AG,2017,H.7,22209
AG,2007,H.8,
AG,2008,H.8,8813
AG,2009,H.8,8813
AG,2010,H.8,10344
AG,2005,H15.,6426
AG,2006,H15.,8682
AG,2007,H15.,8682
AG,2008,H15.,8682
AG,2009,H15.,10629
AG,2010,H15.,10167
AG,2012,H15.,12177
AG,2013,H15.,12177
AG,2005,H2.,7082
AG,2006,H2.,7082
AG,2007,H2.,7745
AG,2008,H2.,10407
AG,2009,H2.,10407
AG,2010,H2.,10407
AG,2012,H2.,12351
AG,2013,H2.,13487
AG,2014,H2.,13487
AG,2016,H2.,20863
AG,2017,H2.,20863
AG,2005,H21.,6420
AG,2006,H21.,10155
AG,2007,H21.,10155
AG,2008,H21.,10390
AG,2009,H21.,10155
AG,2010,H21.,10965
AG,2012,H21.,12216
AG,2013,H21.,
AG,2014,H21.,
AG,2016,H21.,19298
AG,2017,H21.,22119
AG,2012,H23,12224
AG,2013,H23,12224
AG,2014,H23,12224
AG,2016,H23,22058
AG,2017,H23,22058
AG,2013,I.0,12770
AG,2014,I.0,13114
AG,2016,I.0,13114
AG,2017,I.0,13114
AG,2013,I.13.,13240
AG,2014,I.13.,13240
AG,2016,I.13.,21174
AG,2017,I.13.,21174
AG,2005,I.17.,10167
AG,2006,I.17.,10167
AG,2007,I.17.,7813
AG,2008,I.17.,11192
AG,2009,I.17.,11192
AG,2010,I.17.,11192
AG,2012,I.17.,12605
AG,2013,I.17.,12605
AG,2014,I.17.,12605
AG,2016,I.17.,19890
AG,2017,I.17.,12605
AG,2005,I.2,6425
AG,2006,I.2,7745
AG,2007,I.2,7745
AG,2008,I.2,8530
AG,2009,I.2,10758
AG,2010,I.2,10758
AG,2012,I.2,12074
AG,2013,I.2,12074
AG,2014,I.2,12074
AG,2016,I.2,19243
AG,2017,I.2,22363
AG,2013,I.23,12173
AG,2014,I.23,12535
AG,2016,I.23,21556
AG,2017,I.23,21556
AG,2006,I.6,8620
AG,2005,I.9,8620
AG,2006,I.9,10628
AG,2007,I.9,10628
AG,2008,I.9,10628
AG,2009,I.9,
AG,2010,I.9,
AG,2007,I0,8663
AG,2008,I0,11636
AG,2009,I0,10650
AG,2010,I0,11348
AG,2012,I0,11349
AG,2013,I0,12770
AG,2005,I12,7121
AG,2006,I12,
AG,2007,I12,8478
AG,2008,I12,8478
AG,2009,I12,10402
AG,2010,I12,10398
AG,2012,I12,11101
AG,2013,I12,11101
AG,2014,I12,13142
AG,2016,I12,13142
AG,2017,I12,13142
AG,2005,I13.,6665
AG,2006,I13.,8371
AG,2007,I13.,7341
AG,2008,I13.,10406
AG,2009,I13.,10406
AG,2010,I13.,11102
AG,2012,I13.,11551
AG,2013,I13.,13240
AG,2007,I19,7813
AG,2008,I19,10463
AG,2009,I19,10463
AG,2010,I19,13251
AG,2012,I19,13260
AG,2013,I19,13260
AG,2014,I19,13260
AG,2016,I19,20978
AG,2017,I19,20978
AG,2005,I20,6748
AG,2006,I20,6748
AG,2007,I20,7586
AG,2008,I20,10463
AG,2009,I20,
AG,2010,I20,13251
AG,2012,I4,12473
AG,2013,I4,12473
AG,2014,I4,13487
AG,2016,I4,13487
AG,2017,I4,13487
AG,2005,J.19.,8425
AG,2006,J.19.,
AG,2007,J.19.,10167
AG,2008,J.19.,13654
AG,2009,J.19.,
AG,2010,J.19.,10092
AG,2012,J.19.,12606
AG,2013,J.19.,12606
AG,2014,J.19.,12606
AG,2016,J.19.,21435
AG,2017,J.19.,22352
AG,2006,J.2.,7001
AG,2005,J0.,8663
AG,2006,J0.,8663
AG,2007,J0.,7772
AG,2008,J0.,11636
AG,2009,J0.,11636
AG,2010,J0.,11636
AG,2012,J0.,12770
AG,2013,J0.,12770
AG,2006,J19.,
AG,2006,J2.,7001
AG,2005,J23.,7147
AG,2006,J23.,7147
AG,2007,J23.,10313
AG,2008,J23.,10313
AG,2009,J23.,10313
AG,2010,J23.,12086
AG,2012,J23.,12173
AG,2013,J23.,12173
AG,2005,J29.,6771
AG,2006,J29.,
AG,2006,J7.,10628
AG,2012,J9,11737
AG,2013,J9,11737
AG,2014,J9,19334
AG,2016,J9,19334
AG,2017,J9,19334
AG,2012,K.0,11683
AG,2013,K.0,
AG,2012,K.13,12347
AG,2013,K.13,12347
AG,2005,K.2.,8287
AG,2006,K.2.,7001
AG,2007,K.2.,7439
AG,2008,K.2.,10751
AG,2009,K.2.,10751
AG,2010,K.2.,10751
AG,2012,K.2.,11307
AG,2013,K.2.,11307
AG,2014,K.2.,11307
AG,2016,K.2.,20370
AG,2017,K.2.,13579
AG,2005,K.25.,7035
AG,2006,K.25.,7035
AG,2007,K.25.,
AG,2007,K0,8656
AG,2008,K0,8656
AG,2009,K0,11210
AG,2010,K0,
AG,2013,K0,11307
AG,2014,K0,19795
AG,2016,K0,22034
AG,2017,K0,13450
AG,2006,K12.,8371
AG,2007,K12.,7341
AG,2008,K12.,
AG,2009,K12.,
AG,2010,K12.,
AG,2013,K13,12347
AG,2014,K13,12347
AG,2016,K13,12347
AG,2017,K13/K.13,12347
AG,2006,K16,7016
AG,2012,K16,12784
AG,2013,K16,12784
AG,2014,K16,12784
AG,2016,K16,22428
AG,2017,K16,22428
AG,2006,K21.,8425
AG,2007,K21.,8425
AG,2008,K21.,8425
AG,2009,K21.,10717
AG,2010,K21.,10717
AG,2005,K6.,7205
AG,2006,K6.,10081
AG,2007,K6.,10081
AG,2008,K6.,8690
AG,2009,K6.,10472
AG,2010,K6.,10472
AG,2012,K6.,12080
AG,2013,K6.,12080
AG,2014,K6.,12080
AG,2016,K6.,20387
AG,2017,K6.,20387
AG,2013,L.13.,11059
AG,2014,L.13.,11059
AG,2016,L.13.,11059
AG,2017,L.13.,20159
AG,2005,L.16.,6490
AG,2006,L.16.,7016
AG,2007,L.16.,10632
AG,2008,L.16.,10632
AG,2009,L.16.,10632
AG,2010,L.16.,11164
AG,2012,L.16.,12607
AG,2013,L.16.,12607
AG,2014,L.16.,12607
AG,2016,L.16.,21085
AG,2017,L.16.,21085
AG,2013,L.20.,12183
AG,2014,L.20.,12183
AG,2016,L.20.,21435
AG,2017,L.20.,21435
AG,2007,L.25,
AG,2006,L.28,
AG,2007,L.28,
AG,2005,L.30,7034
AG,2006,L.30,7034
AG,2007,L.30,
AG,2007,L26.,
AG,2006,L28,7037
AG,2007,L28,
AG,2005,L4,6160
AG,2006,L4,7001
AG,2007,L4,
AG,2008,L4,10389
AG,2009,L4,10389
AG,2010,L4,10389
AG,2012,L4,11685
AG,2013,L4,11685
AG,2014,L4,11685
AG,2016,L4,19946
AG,2017,L4,19946
AG,2007,M.17,
AG,2008,M.17,8662
AG,2009,M.17,
AG,2010,M.17,11557
AG,2012,M.17,13071
AG,2013,M.17,13071
AG,2014,M.17,13071
AG,2016,M.17,19974
AG,2017,M.17,19974
AG,2005,M.21.,8425
AG,2006,M.21.,7766
AG,2013,M.8.,12072
AG,2014,M.8.,12072
AG,2016,M.8.,12072
AG,2017,M.8.,12072
AG,2005,M.9,7205
AG,2006,M.9,10119
AG,2007,M.9,10630
AG,2008,M.9,10630
AG,2009,M.9,10630
AG,2010,M.9,10081
AG,2012,M.9,12072
AG,2013,M.9,12072
AG,2016,M0.,19970
AG,2017,M0.,19970
AG,2005,M0,8287
AG,2006,M0,8287
AG,2007,M0,
AG,2008,M0,8287
AG,2009,M0,10704
AG,2010,M0,10704
AG,2012,M0,10752
AG,2013,M0,13450
AG,2014,M0,13450
AG,2016,M0,19970
AG,2017,M0,19970
AG,2005,M13.,6975
AG,2006,M13.,6975
AG,2007,M13.,10237
AG,2008,M13.,10237
AG,2009,M13.,10237
AG,2010,M13.,11059
AG,2012,M13.,11059
AG,2013,M13.,11059
AG,2005,M19,10569
AG,2006,M19,10569
AG,2007,M19,8818
AG,2008,M19,8670
AG,2009,M19,10635
AG,2010,M19,13251
AG,2012,M19,13251
AG,2013,M19,13251
AG,2014,M19,13251
AG,2016,M19,20712
AG,2017,M19,20712
AG,2007,M20.,7766
AG,2008,M20.,10352
AG,2009,M20.,10635
AG,2010,M20.,10493
AG,2012,M20.,12183
AG,2013,M20.,12183
AG,2007,M4,10219
AG,2008,M4,10219
AG,2009,M4,10219
AG,2010,M4,10219
AG,2012,M4,10219
AG,2013,M4,13286
AG,2014,M4,13286
AG,2016,M4,22021
AG,2017,M4,22021
AG,2005,N.14,6795
AG,2006,N.14,6795
AG,2007,N.14,10303
AG,2008,N.14,10303
AG,2009,N.14,10303
AG,2010,N.14,10215
AG,2005,N.27.,6593
AG,2006,N.27.,6593
AG,2007,N.27.,
AG,2007,N1,8287
AG,2008,N1,10368
AG,2009,N1,10368
AG,2010,N1,10752
AG,2012,N1,12646
AG,2013,N1,12646
AG,2014,N1,12646
AG,2016,N1,12646
AG,2017,N1,19943
AG,2006,N12.,7017
AG,2012,N15,12558
AG,2013,N15,12558
AG,2014,N15,12558
AG,2016,N15,20157
AG,2017,N15,22510
AG,2005,N2,10749
AG,2006,N2,10749
AG,2007,N2,10749
AG,2008,N2,10749
AG,2009,N2,10752
AG,2010,N2,10752
AG,2012,N2,12647
AG,2013,N2,12647
AG,2014,N2,12647
AG,2016,N2,19943
AG,2017,N2,19943
AG,2005,N23,7023
AG,2006,N23,7023
AG,2007,N23,7023
AG,2008,N23,10644
AG,2009,N23,10644
AG,2010,N23,10493
AG,2012,N23,12536
AG,2013,N23,12536
AG,2014,N23,12536
AG,2016,N23,12536
AG,2017,N23,21246
AG,2005,N26.,7036
AG,2006,N26.,7040
AG,2007,N26.,
AG,2007,N4.,10219
AG,2008,N4.,10633
AG,2009,N4.,10564
AG,2010,N4.,10795
AG,2012,N4.,11686
AG,2013,N4.,11686
AG,2014,N4.,11686
AG,2016,N4.,20004
AG,2017,N4.,22150
AG,2005,N5,10100
AG,2006,N5,10100
AG,2007,N5,10100
AG,2008,N5,10100
AG,2009,N5,10100
AG,2010,N5,10795
AG,2012,N5,10617
AG,2013,N5,10617
AG,2014,N5,10617
AG,2016,N5,22018
AG,2017,N5,22018
AG,2007,N9.,8312
AG,2008,N9.,11063
AG,2009,N9.,11063
AG,2010,N9.,10216
AG,2006,O.15.,10624
AG,2007,O.15.,10624
AG,2008,O.15.,10384
AG,2009,O.15.,10384
AG,2010,O.15.,10384
AG,2012,O.15.,12330
AG,2013,O.15.,12330
AG,2014,O.15.,12330
AG,2016,O.15.,
AG,2017,O.15.,
AG,2006,O.15,10624
AG,2005,O.26,7122
AG,2006,O.26,7122
AG,2007,O.26,
AG,2006,O.6.,7009
AG,2007,O.6.,10119
AG,2008,O.6.,10119
AG,2009,O.6.,11198
AG,2010,O.6.,11198
AG,2012,O.6.,12788
AG,2013,O.6.,12121
AG,2014,O.6.,
AG,2016,O.6.,19907
AG,2017,O.6.,19907
AG,2005,O.9.,10606
AG,2006,O.9.,10606
AG,2007,O.9.,10606
AG,2008,O.9.,10606
AG,2009,O.9.,10606
AG,2010,O.9.,10270
AG,2012,O13,12911
AG,2013,O13,11038
AG,2014,O13,11038
AG,2016,O13,20014
AG,2017,O13,20014
AG,2005,O19,6918
AG,2006,O19,6918
AG,2007,O19,10569
AG,2008,O19,10353
AG,2009,O19,10620
AG,2010,O19,12078
AG,2012,O19,13245
AG,2013,O19,13245
AG,2014,O19,13245
AG,2016,O19,13245
AG,2017,O19,20307
AG,2007,O21.,10213
AG,2008,O21.,10213
AG,2009,O21.,10213
AG,2010,O21.,10213
AG,2012,O21.,12722
AG,2013,O21.,12722
AG,2014,O21.,19370
AG,2016,O21.,21735
AG,2017,O21.,22519
AG,2007,O9,10216
AG,2008,O9,10216
AG,2009,O9,10216
AG,2010,O9,10216
AG,2012,O9,12586
AG,2013,O9,12586
AG,2014,O9,12586
AG,2016,O9,20630
AG,2017,O9,20630
AG,2007,P.20.,10213
AG,2008,P.20.,
AG,2009,P.20.,
AG,2010,P.20.,
AG,2006,P.27.,8493
AG,2007,P.27.,
AG,2012,P0,8776
AG,2013,P0,13114
AG,2014,P0,19347
AG,2016,P0,19347
AG,2017,P0,20967
AG,2005,P1,6969
AG,2006,P1,10646
AG,2007,P1,10646
AG,2008,P1,8726
AG,2009,P1,8776
AG,2010,P1,8776
AG,2012,P1,11730
AG,2013,P1,12189
AG,2014,P1,19886
AG,2016,P1,
AG,2017,P1,22251
AG,2012,P10,12651
AG,2013,P10,12651
AG,2014,P10,12651
AG,2016,P10,12651
AG,2017,P10,12651
AG,2005,P13.,7017
AG,2006,P13.,7196
AG,2007,P13.,10215
AG,2008,P13.,10215
AG,2009,P13.,13653
AG,2010,P13.,13653
AG,2005,P18,10099
AG,2006,P18,10099
AG,2007,P18,10099
AG,2008,P18,10099
AG,2009,P18,10099
AG,2010,P18,10613
AG,2012,P18,10613
AG,2013,P18,10613
AG,2014,P18,19475
AG,2016,P18,19475
AG,2017,P18,19475
AG,2005,P2,7545
AG,2006,P2,7545
AG,2007,P2,7903
AG,2008,P2,10367
AG,2009,P2,10367
AG,2010,P2,10928
AG,2012,P2,11684
AG,2013,P2,12175
AG,2014,P2,19317
AG,2016,P2,20166
AG,2017,P2,22200
AG,2005,P22.,7841
AG,2006,P22.,7841
AG,2007,P22.,7841
AG,2008,P22.,10645
AG,2009,P22.,10644
AG,2010,P22.,10756
AG,2012,P22.,
AG,2013,P22.,
AG,2014,P22.,19368
AG,2016,P22.,12260
AG,2017,P22.,22553
AG,2013,P3,12175
AG,2014,P3,12788
AG,2016,P3,19905
AG,2017,P3,22200
AG,2005,P4,7346
AG,2006,P4,10118
AG,2007,P4,10118
AG,2008,P4,8723
AG,2009,P4,10564
AG,2010,P4,11565
AG,2012,P4,10054
AG,2007,P5.,7545
AG,2008,P5.,10355
AG,2009,P5.,10119
AG,2010,P5.,10119
AG,2012,P5.,12788
AG,2013,P5.,19252
AG,2014,P5.,19252
AG,2016,P5.,19252
AG,2017,P5.,19252
AG,2005,Q.0,7391
AG,2006,Q.0,7391
AG,2007,Q.0,7391
AG,2008,Q.0,8475
AG,2009,Q.0,10623
AG,2010,Q.0,10623
AG,2012,Q.0,12108
AG,2013,Q.0,12108
AG,2014,Q.0,12108
AG,2016,Q.0,20164
AG,2017,Q.0,21787
AG,2013,Q.10,
AG,2007,Q.11.,7611
AG,2006,Q.11,8721
AG,2007,Q.11,7611
AG,2008,Q.11,10337
AG,2009,Q.11,10337
AG,2010,Q.11,10337
AG,2012,Q.11,
AG,2013,Q.11,10270
AG,2014,Q.11,10270
AG,2006,Q.25,7585
AG,2007,Q.25,
AG,2005,Q.3,7346
AG,2006,Q.3,7346
AG,2007,Q.3,7346
AG,2008,Q.3,10118
AG,2009,Q.3,10118
AG,2010,Q.3,
AG,2005,Q.4.,7668
AG,2006,Q.4.,7668
AG,2007,Q.4.,7668
AG,2008,Q.4.,10680
AG,2009,Q.4.,10680
AG,2010,Q.4.,11558
AG,2012,Q.4.,12910
AG,2013,Q.4.,12910
AG,2014,Q.4.,12910
AG,2016,Q.4.,12910
AG,2017,Q.4.,19991
AG,2005,Q.7.,7885
AG,2006,Q.7.,
AG,2012,Q.7.,11711
AG,2013,Q.7.,11711
AG,2014,Q.7.,11711
AG,2016,Q.7./Q7.,19917
AG,2017,Q.7./Q7.,19917
AG,2013,Q10.,10270
AG,2014,Q10.,10270
AG,2016,Q10.,19921
AG,2017,Q10.,20231
AG,2006,Q13.,10111
AG,2005,Q14,10111
AG,2006,Q14,10111
AG,2007,Q14,10111
AG,2008,Q14,10111
AG,2009,Q14,10111
AG,2010,Q14,10111
AG,2012,Q14,13181
AG,2013,Q14,13181
AG,2014,Q14,19374
AG,2016,Q14,21923
AG,2017,Q14,21923
AG,2005,Q21.,7626
AG,2006,Q21.,7626
AG,2007,Q21.,7626
AG,2008,Q21.,8735
AG,2009,Q21.,10756
AG,2010,Q21.,11120
AG,2012,Q21.,13619
AG,2013,Q21.,13619
AG,2014,Q21.,12722
AG,2016,Q21./Q22,21906
AG,2017,Q21./Q22,21906
AG,2017,Q7.,19917
AG,2005,R.15,7492
AG,2006,R.15,7627
AG,2009,R.15,13660
AG,2010,R.15,11118
AG,2012,R.15,11118
AG,2013,R.15,11118
AG,2014,R.15,12260
AG,2016,R.15,19321
AG,2017,R.15,19321
AG,2005,R.16,7492
AG,2006,R.16,7492
AG,2007,R.16,7492
AG,2008,R.16,11809
AG,2009,R.16,11809
AG,2010,R.16,11809
AG,2012,R.16,11809
AG,2013,R.16,11809
AG,2014,R.16,11809
AG,2016,R.16,21354
AG,2017,R.16,21354
AG,2005,R.19.,7564
AG,2006,R.19.,7564
AG,2007,R.19.,7564
AG,2008,R.19.,10745
AG,2009,R.19.,10745
AG,2010,R.19.,10613
AG,2012,R.19.,13215
AG,2013,R.19.,13476
AG,2014,R.19.,13476
AG,2016,R.19.,20169
AG,2017,R.19.,21880
AG,2006,R.24.,7585
AG,2007,R.29,
AG,2012,R0,12476
AG,2013,R0,12476
AG,2014,R0,19306
AG,2016,R0,19306
AG,2017,R0,13023
AG,2006,R1,8475
AG,2007,R1,8475
AG,2008,R1,8400
AG,2009,R1,10623
AG,2010,R1,11564
AG,2012,R10.,12601
AG,2013,R10.,12601
AG,2014,R10.,19921
AG,2016,R10.,19921
AG,2017,R10.,19921
AG,2007,R22.,7441
AG,2008,R22.,10679
AG,2009,R22.,10679
AG,2010,R22.,10756
AG,2005,R26,6691
AG,2006,R26,6691
AG,2007,R26,
AG,2007,S.-0.,10117
AG,2008,S.-0.,10304
AG,2009,S.-0.,10304
AG,2010,S.-0.,11134
AG,2005,S.11.,6459
AG,2006,S.11.,10112
AG,2007,S.11.,10112
AG,2008,S.11.,10112
AG,2009,S.11.,10112
AG,2010,S.11.,11073
AG,2012,S.11.,11637
AG,2013,S.11,11637
AG,2014,S.11,11637
AG,2016,S.11,20234
AG,2017,S.11,22033
AG,2006,S.20,10169
AG,2005,S.27,6413
AG,2006,S.27,7503
AG,2007,S.27,
AG,2006,S.4,10126
AG,2007,S.4,10126
AG,2008,S.4,10126
AG,2009,S.4,10126
AG,2010,S.4,10126
AG,2006,S.7.,7501
AG,2007,S.7.,7916
AG,2008,S.7.,13692
AG,2009,S.7.,13692
AG,2010,S.7.,11143
AG,2006,S.7,7501
AG,2012,S0,10126
AG,2013,S0,12476
AG,2014,S0,19262
AG,2016,S0,21904
AG,2017,S0,22087
AG,2006,S14,7627
AG,2007,S14,10632
AG,2008,S14,8288
AG,2009,S14,10566
AG,2010,S14,10566
AG,2012,S14,
AG,2013,S14,12261
AG,2014,S14,19451
AG,2016,S14,22010
AG,2017,S14,20234
AG,2007,S2,
AG,2008,S2,
AG,2009,S2,10665
AG,2010,S2,11197
AG,2007,S20.,10169
AG,2008,S20.,10169
AG,2009,S20.,10169
AG,2010,S20.,10169
AG,2012,S20.,12204
AG,2013,S20.,12204
AG,2014,S20.,12204
AG,2016,S20.,21880
AG,2017,S20.,22096
AG,2005,S25,8493
AG,2006,S25,7123
AG,2007,S25,
AG,2007,S8.,7885
AG,2008,S8.,10960
AG,2009,S8.,10960
AG,2010,S8.,10960
AG,2012,S8.,13023
AG,2013,S8.,13023
AG,2014,S8.,13023
AG,2016,S8.,13023
AG,2017,S8.,22122
AG,2005,T.0.,8546
AG,2006,T.0.,8546
AG,2007,T.0.,8546
AG,2008,T.0.,8546
AG,2009,T.0.,10469
AG,2010,T.0.,11636
AG,2012,T.0.,11636
AG,2013,T.0,13115
AG,2014,T.0,19353
AG,2016,T.0,19819
AG,2017,T.0,22883
AG,2005,T.13,6340
AG,2006,T.13,7141
AG,2007,T.13,7777
AG,2008,T.13,10627
AG,2009,T.13,10627
AG,2010,T.13,10627
AG,2012,T.13,12148
AG,2013,T.13,12148
AG,2014,T.13,12148
AG,2016,T.13,12148
AG,2017,T.13,12148
AG,2005,T.15.,10649
AG,2006,T.15.,10649
AG,2007,T.15.,10649
AG,2008,T.15.,10649
AG,2009,T.15.,10649
AG,2010,T.15.,10566
AG,2005,T.17.,8755
AG,2006,T.17.,8755
AG,2007,T.17.,8755
AG,2008,T.17.,8755
AG,2009,T.17.,8755
AG,2010,T.17.,8755
AG,2012,T.17.,12110
AG,2013,T.17.,13258
AG,2014,T.17.,13258
AG,2016,T.17.,13258
AG,2017,T.17.,22538
AG,2012,T.20,12221
AG,2013,T.20,13627
AG,2014,T.20,13627
AG,2016,T.20,21783
AG,2017,T.20,21783
AG,2012,T.21.,12146
AG,2007,T.4,10126
AG,2008,T.4,10364
AG,2009,T.4,10364
AG,2010,T.4,
AG,2012,T.4,11926
AG,2013,T.4,11926
AG,2014,T.4,19264
AG,2016,T.4/U4,21603
AG,2017,T.4/U4,21603
AG,2005,T.6.,7501
AG,2006,T.6.,10625
AG,2007,T.6.,10625
AG,2008,T.6.,10625
AG,2009,T.6.,10364
AG,2010,T.6.,10979
AG,2012,T.6.,10423
AG,2013,T.6.,13238
AG,2014,T.6.,13238
AG,2016,T.6.,13238
AG,2017,T.6.,13238
AG,2005,T2.,7668
AG,2006,T2.,8468
AG,2007,T2.,
AG,2008,T2.,10188
AG,2009,T2.,10188
AG,2010,T2.,11196
AG,2012,T2.,12991
AG,2013,T2.,12991
AG,2014,T2.,12991
AG,2016,T2.,21209
AG,2017,T2.,22497
AG,2005,T23,8408
AG,2006,T23,8408
AG,2007,T23,8408
AG,2008,T23,8408
AG,2009,T23,11159
AG,2010,T23,11095
AG,2012,T23,8777
AG,2013,T23,12101
AG,2014,T23,12101
AG,2016,T23,22002
AG,2017,T23,22002
AG,2005,T28,7210
AG,2006,T28,7503
AG,2007,T29.,
AG,2007,T7.,7882
AG,2008,T7.,8720
AG,2009,T7.,10335
AG,2010,T7.,10423
AG,2012,T7.,13023
AG,2013,T7.,
AG,2014,T7.,19436
AG,2016,T7.,20739
AG,2017,T7.,22122
AG,2005,T8,7885
AG,2006,T8,7885
AG,2013,U.12,12157
AG,2014,U.12,12157
AG,2016,U.12,21583
AG,2017,U.12,21583
AG,2005,U.15.,10171
AG,2006,U.15.,10171
AG,2007,U.15.,10171
AG,2008,U.15.,13659
AG,2009,U.15.,13659
AG,2010,U.15.,13659
AG,2012,U.15.,13659
AG,2013,U.16,13659
AG,2014,U.16,13182
AG,2016,U.16,22186
AG,2017,U.16,22186
AG,2005,U.2,8295
AG,2006,U.2,8295
AG,2007,U.2,8295
AG,2008,U.2,8295
AG,2009,U.2,10658
AG,2010,U.2,11143
AG,2005,U.20,8493
AG,2006,U.20,10110
AG,2007,U.20,7771
AG,2008,U.20,10324
AG,2009,U.20,10324
AG,2010,U.20,10614
AG,2012,U.20,10365
AG,2013,U.20,13627
AG,2014,U.20,19804
AG,2016,U.20,22388
AG,2017,U.20,22750
AG,2005,U.4,8734
AG,2006,U.4,8734
AG,2007,U.4,8734
AG,2008,U.4,8734
AG,2009,U.4,12948
AG,2010,U.4,12948
AG,2012,U.4,12948
AG,2013,U.4,12948
AG,2014,U.4,12948
AG,2016,U.4,21436
AG,2017,U.4,
AG,2005,U.6,8312
AG,2006,U.6,10763
AG,2007,U.6,10763
AG,2008,U.6,10763
AG,2009,U.6,10763
AG,2010,U.6,10763
AG,2012,U.6,11817
AG,2013,U.6,11817
AG,2014,U.6,11817
AG,2016,U.6,19339
AG,2017,U.6,19339
AG,2005,U12,6340
AG,2006,U12,
AG,2012,U12,12157
AG,2013,U21,13257
AG,2014,U21,13257
AG,2016,U21,13257
AG,2017,U21,13257
AG,2005,U9.,6415
AG,2006,U9.,10084
AG,2007,U9.,10084
AG,2008,U9.,10084
AG,2009,U9.,10084
AG,2010,U9.,10084
AG,2012,U9.,10980
AG,2013,U9.,10980
AG,2014,U9.,10980
AG,2016,U9./U10,20838
AG,2017,U9./U10,20838
JO,2012,0.2.,13161
JO,2007,0,8461
JO,2008,0,8461
JO,2009,0,10689
JO,2010,0,10689
JO,2012,0,13051
JO,2012,1,8771
JO,2012,A.0,11905
JO,2007,A.13,10068
JO,2008,A.13,10068
JO,2009,A.13,10068
JO,2010,A.13,
JO,2012,A.13,11874
JO,2007,A.5,10887
JO,2008,A.5,10887
JO,2009,A.5,10887
JO,2010,A.5,10887
JO,2012,A.5,12368
JO,2007,A10.,10706
JO,2008,A10.,10706
JO,2009,A10.,10706
JO,2010,A10.,10706
JO,2012,A10.,12699
JO,2007,A4,10242
JO,2008,A4,10242
JO,2009,A4,10242
JO,2010,A4,11306
JO,2007,B.11.,10252
JO,2008,B.11.,10252
JO,2009,B.11.,10252
JO,2010,B.11.,11047
JO,2012,B.11.,11994
JO,2007,B.5.,10164
JO,2008,B.5.,10164
JO,2009,B.5.,10417
JO,2010,B.5.,10890
JO,2012,B.5.,11902
JO,2007,B1.,8704
JO,2008,B1.,10329
JO,2009,B1.,10329
JO,2010,B1.,10850
JO,2007,B3.,7890
JO,2008,B3.,10417
JO,2009,B3.,10417
JO,2010,B3.,11306
JO,2012,B3.,11306
JO,2007,C.1,10203
JO,2008,C.1,10203
JO,2009,C.1,10203
JO,2010,C.1,13203
JO,2012,C.1,13060
JO,2007,C.2,8704
JO,2008,C.2,8704
JO,2009,C.2,10597
JO,2010,C.2,13203
JO,2012,C.2,11412
JO,2007,C.20.,10225
JO,2008,C.20.,10225
JO,2009,C.20.,
JO,2010,C.20.,11046
JO,2012,C.20.,11778
JO,2012,C16,13217
JO,2007,C3,10272
JO,2008,C3,10427
JO,2009,C3,
JO,2010,C3,11306
JO,2012,C3,11412
JO,2007,D.14,8590
JO,2008,D.14,10383
JO,2009,D.14,10383
JO,2010,D.14,
JO,2012,D.14,12819
JO,2007,D0.,8581
JO,2008,D0.,8581
JO,2009,D0.,10251
JO,2010,D0.,10251
JO,2012,D0.,13203
JO,2007,D1.,10203
JO,2008,D1.,10203
JO,2009,D1.,10203
JO,2010,D1.,10096
JO,2012,D1.,13062
JO,2007,D17,7770
JO,2008,D17,13687
JO,2009,D17,13687
JO,2010,D17,10742
JO,2012,D17,12695
JO,2007,D18.,7255
JO,2008,D18.,10720
JO,2009,D18.,10720
JO,2010,D18.,11568
JO,2012,D18.,13219
JO,2007,D3,10165
JO,2008,D3,10165
JO,2009,D3,10224
JO,2010,D3,
JO,2012,D3,11816
JO,2007,E.19,10267
JO,2008,E.19,10267
JO,2009,E.19,11191
JO,2010,E.19,11046
JO,2007,E.2.,10108
JO,2008,E.2.,10108
JO,2009,E.2.,10096
JO,2010,E.2.,
JO,2007,E1.,10241
JO,2008,E1.,10241
JO,2009,E1.,10096
JO,2010,E1.,10096
JO,2012,E1.,11459
JO,2007,E12.,8751
JO,2008,E12.,8751
JO,2009,E12.,8751
JO,2010,E12.,8751
JO,2012,E12.,11964
JO,2007,E14,7326
JO,2008,E14,8590
JO,2009,E14,10383
JO,2010,E14,10383
JO,2012,E14,11574
JO,2007,E15,8746
JO,2008,E15,8746
JO,2009,E15,8746
JO,2010,E15,10383
JO,2012,E15,11049
JO,2007,E5,10204
JO,2008,E5,10204
JO,2009,E5,10204
JO,2010,E5,10844
JO,2012,E5,11864
JO,2007,F.18.,
JO,2008,F.18.,
JO,2009,F.18.,
JO,2010,F.18.,
JO,2012,F.18.,10841
JO,2007,F.4.,12696
JO,2008,F.4.,12696
JO,2009,F.4.,12696
JO,2010,F.4.,12696
JO,2012,F.4.,
JO,2007,F0,10180
JO,2008,F0,10180
JO,2009,F0,10180
JO,2010,F0,10180
JO,2012,F0,13061
JO,2007,F15,8611
JO,2008,F15,10401
JO,2009,F15,10401
JO,2010,F15,10401
JO,2012,F15,12844
JO,2007,F16.,10244
JO,2008,F16.,10244
JO,2009,F16.,10244
JO,2010,F16.,10244
JO,2012,F16.,10045
JO,2007,F16,8595
JO,2008,F16,8595
JO,2009,F16,10401
JO,2010,F16,
JO,2007,F2,10096
JO,2008,F2,10096
JO,2009,F2,10096
JO,2010,F2,10096
JO,2012,F2,19266
JO,2007,F3,10107
JO,2008,F3,10107
JO,2009,F3,10773
JO,2010,F3,10773
JO,2012,F3,11375
JO,2012,F6,12846
JO,2007,G.1,10166
JO,2008,G.1,10166
JO,2009,G.1,10166
JO,2010,G.1,10773
JO,2012,G.1,10773
JO,2007,G.10,8660
JO,2008,G.10,8660
JO,2009,G.10,11190
JO,2010,G.10,11477
JO,2012,G.10,12821
JO,2007,G.11.,7351
JO,2008,G.11.,10156
JO,2009,G.11.,10937
JO,2010,G.11.,11049
JO,2012,G.11.,11848
JO,2012,G.14,12700
JO,2007,G.3,8658
JO,2008,G.3,8658
JO,2009,G.3,10268
JO,2010,G.3,
JO,2012,G.3,
JO,2009,G.9,
JO,2010,G.9,11260
JO,2012,G.9,13193
JO,2007,G1,10226
JO,2008,G1,10226
JO,2009,G1,10226
JO,2010,G1,10226
JO,2012,G1,11376
JO,2012,H.12.,11872
JO,2007,H.13.,10106
JO,2008,H.13.,10106
JO,2009,H.13.,10072
JO,2010,H.13.,10072
JO,2012,H.13.,11453
JO,2007,H.17.,10223
JO,2008,H.17.,10223
JO,2009,H.17.,13688
JO,2010,H.17.,10841
JO,2012,H.17.,11794
JO,2012,H12.,11875
JO,2007,H15.,8610
JO,2008,H15.,8610
JO,2009,H15.,10106
JO,2010,H15.,
JO,2012,H15.,12357
JO,2007,H15,7658
JO,2008,H15,8611
JO,2009,H15,11206
JO,2010,H15,11206
JO,2012,H15,12697
JO,2007,H2,10268
JO,2008,H2,10268
JO,2009,H2,10268
JO,2010,H2,10773
JO,2012,H2,11862
JO,2007,H20,7178
JO,2008,H20,13688
JO,2009,H20,13688
JO,2010,H20,10106
JO,2012,H20,13688
JO,2007,H4.,13683
JO,2008,H4.,13683
JO,2009,H4.,13683
JO,2010,H4.,10236
JO,2012,H4.,11904
JO,2007,H8.,7943
JO,2008,H8.,10688
JO,2009,H8.,13193
JO,2010,H8.,11260
JO,2012,H8.,11260
JO,2007,I.16.,8612
JO,2008,I.16.,8612
JO,2009,I.16.,10179
JO,2010,I.16.,10179
JO,2012,I.16.,11965
JO,2007,I.19,8470
JO,2008,I.19,8470
JO,2009,I.19,
JO,2010,I.19,13688
JO,2007,I1,10266
JO,2008,I1,10266
JO,2009,I1,10266
JO,2010,I1,10773
JO,2012,I1,11863
JO,2012,I10.,10937
JO,2007,I10,10159
JO,2008,I10,10159
JO,2009,I10,10159
JO,2010,I10,13193
JO,2012,I10,13205
JO,2007,I11.,8659
JO,2008,I11.,8659
JO,2009,I11.,10775
JO,2010,I11.,10937
JO,2012,I11.,11352
JO,2012,I12,11872
JO,2012,I14,11453
JO,2012,I20,12319
JO,2007,I5,13683
JO,2008,I5,10236
JO,2009,I5,10236
JO,2010,I5,10236
JO,2012,I5,11815
JO,2007,I8.,8738
JO,2008,I8.,8738
JO,2009,I8.,8738
JO,2010,I8.,11260
JO,2012,I8.,11818
JO,2007,J.0.,10211
JO,2008,J.0.,10211
JO,2009,J.0.,10596
JO,2010,J.0.,10850
JO,2012,J.0.,11729
JO,2007,J.12.,10452
JO,2008,J.12.,10452
JO,2009,J.12.,10452
JO,2010,J.12.,11239
JO,2012,J.12.,11239
JO,2007,J.15.,10194
JO,2008,J.15.,10194
JO,2009,J.15.,10194
JO,2010,J.15.,11029
JO,2012,J.15.,11029
JO,2007,J.5,10230
JO,2008,J.5,10230
JO,2009,J.5,10230
JO,2010,J.5,10236
JO,2012,J.5,11962
JO,2007,J.9,10422
JO,2008,J.9,10422
JO,2009,J.9,10422
JO,2010,J.9,10422
JO,2012,J.9,10422
JO,2007,J11.,10229
JO,2008,J11.,10229
JO,2009,J11.,10775
JO,2010,J11.,
JO,2012,J11.,13424
JO,2012,J17.,12318
JO,2009,J17,10272
JO,2010,J17,
JO,2007,J20,7769
JO,2008,J20,8614
JO,2009,J20,13101
JO,2010,J20,13101
JO,2012,J20,13101
JO,2007,J3.,10179
JO,2008,J3.,10179
JO,2009,J3.,10331
JO,2010,J3.,10331
JO,2012,J3.,12311
JO,2007,K.6.,10127
JO,2008,K.6.,10127
JO,2009,K.6.,10127
JO,2010,K.6.,11386
JO,2012,K.6.,13052
JO,2007,K.7.,7450
JO,2008,K.7.,10148
JO,2009,K.7.,10148
JO,2010,K.7.,10127
JO,2012,K.7.,10321
JO,2007,K.8.,13689
JO,2008,K.8.,13689
JO,2009,K.8.,13689
JO,2010,K.8.,10669
JO,2012,K.8.,10383
JO,2007,K10.,10124
JO,2008,K10.,10124
JO,2009,K10.,
JO,2010,K10.,10775
JO,2012,K10.,12366
JO,2007,K12,10077
JO,2008,K12,10077
JO,2009,K12,10077
JO,2010,K12,10742
JO,2012,K12,12112
JO,2007,K3,10292
JO,2008,K3,10331
JO,2009,K3,10331
JO,2010,K3,13431
JO,2012,K3,11765
JO,2007,L.15,
JO,2008,L.15,8399
JO,2009,L.15,
JO,2010,L.15,12060
JO,2012,L.15,13428
JO,2012,L.20.,12153
JO,2007,L.3,10208
JO,2008,L.3,10208
JO,2009,L.3,10208
JO,2010,L.3,11048
JO,2012,L.3,10526
JO,2007,L.6,10218
JO,2008,L.6,10218
JO,2009,L.6,10218
JO,2010,L.6,10218
JO,2012,L.6,10218
JO,2012,L10,12037
JO,2012,L11,12037
JO,2012,L12.,13427
JO,2007,L12,10072
JO,2008,L12,10072
JO,2009,L12,10452
JO,2010,L12,11036
JO,2012,L12,
JO,2007,L13.,7798
JO,2008,L13.,8399
JO,2009,L13.,10354
JO,2010,L13.,11036
JO,2012,L13.,12932
JO,2007,L16.,10257
JO,2008,L16.,10257
JO,2009,L16.,10257
JO,2010,L16.,12060
JO,2012,L16.,11720
JO,2007,L18,10221
JO,2008,L18,10221
JO,2009,L18,10221
JO,2010,L18,11183
JO,2012,L18,11183
JO,2007,L20,10256
JO,2008,L20,10256
JO,2009,L20,10256
JO,2010,L20,10256
JO,2012,L20,10256
JO,2007,L4,8639
JO,2008,L4,8639
JO,2009,L4,10211
JO,2010,L4,11048
JO,2012,L4,11048
JO,2007,L7,10148
JO,2008,L7,10321
JO,2009,L7,10321
JO,2010,L7,10321
JO,2012,L9,11966
JO,2012,M.19.,19255
JO,2007,M.4,7219
JO,2008,M.4,10292
JO,2009,M.4,10292
JO,2010,M.4,10526
JO,2012,M.4,11726
JO,2007,M.6.,11180
JO,2008,M.6.,11180
JO,2009,M.6.,11180
JO,2010,M.6.,10321
JO,2012,M.6.,11604
JO,2007,M.9.,10102
JO,2008,M.9.,10102
JO,2009,M.9.,10102
JO,2010,M.9.,10102
JO,2012,M.9.,12860
JO,2007,M17,
JO,2008,M17,8613
JO,2009,M17,
JO,2010,M17,11042
JO,2012,M17,12133
JO,2007,M6,10218
JO,2008,M6,10218
JO,2009,M6,
JO,2010,M6,
JO,2012,M6,12197
JO,2007,N.14,7358
JO,2008,N.14,10326
JO,2009,N.14,10327
JO,2010,N.14,10327
JO,2012,N.14,11370
JO,2007,N.19.,7783
JO,2008,N.19.,10727
JO,2009,N.19.,10727
JO,2010,N.19.,10727
JO,2012,N.19.,11041
JO,2007,N.7.,10128
JO,2008,N.7.,10128
JO,2009,N.7.,10128
JO,2010,N.7.,10128
JO,2012,N.7.,10233
JO,2012,N12.,13206
JO,2007,N16.,10123
JO,2008,N16.,10123
JO,2009,N16.,10123
JO,2010,N16.,10123
JO,2012,N16.,12518
JO,2007,N16,10309
JO,2008,N16,10309
JO,2009,N16,10309
JO,2010,N16,10668
JO,2012,N16,12518
JO,2007,N8.,10227
JO,2008,N8.,10227
JO,2009,N8.,10227
JO,2010,N8.,10102
JO,2007,O.1.,10098
JO,2008,O.1.,10098
JO,2009,O.1.,10779
JO,2010,O.1.,12057
JO,2012,O.1.,11014
JO,2007,O.19.,8444
JO,2008,O.19.,8444
JO,2009,O.19.,10326
JO,2010,O.19.,10326
JO,2012,O.19.,10326
JO,2007,O12,10103
JO,2008,O12,10103
JO,2009,O12,10103
JO,2010,O12,10103
JO,2012,O12,12639
JO,2007,P.11.,10351
JO,2008,P.11.,10351
JO,2009,P.11.,10351
JO,2010,P.11.,10351
JO,2012,P.11.,10351
JO,2007,P.5.,10109
JO,2008,P.5.,10311
JO,2009,P.5.,10311
JO,2010,P.5.,10311
JO,2012,P.5.,11402
JO,2012,P.8,12527
JO,2007,P10,7654
JO,2008,P10,10712
JO,2009,P10,10712
JO,2010,P10,11595
JO,2012,P10,
JO,2007,P15.,10076
JO,2008,P15.,10076
JO,2009,P15.,10595
JO,2010,P15.,10595
JO,2012,P15.,12111
JO,2007,P18,10078
JO,2008,P18,10078
JO,2009,P18,10221
JO,2010,P18,10221
JO,2012,P18,11660
JO,2012,P6,10872
JO,2007,P7.,13429
JO,2008,P7.,13429
JO,2009,P7.,13429
JO,2010,P7.,13429
JO,2012,P7.,13429
JO,2007,Q.13,10258
JO,2008,Q.13,10258
JO,2009,Q.13,10258
JO,2010,Q.13,10258
JO,2012,Q.13,10848
JO,2007,Q.9,13663
JO,2008,Q.9,13663
JO,2009,Q.9,13663
JO,2010,Q.9,10593
JO,2012,Q.9,12367
JO,2012,Q10,11678
JO,2007,Q2.,7812
JO,2008,Q2.,10308
JO,2009,Q2.,10308
JO,2010,Q2.,10520
JO,2012,Q2.,10520
JO,2007,Q4,7812
JO,2008,Q4,10718
JO,2009,Q4,10546
JO,2010,Q4,10520
JO,2012,Q4,11609
JO,2007,Q7,10109
JO,2008,Q7,10109
JO,2009,Q7,10109
JO,2010,Q7,13429
JO,2012,Q7,12528
JO,2012,Q8,10593
JO,2007,Q9,13681
JO,2008,Q9,13681
JO,2009,Q9,13681
JO,2010,Q9,11595
JO,2012,Q9,11595
JO,2007,R.6,10080
JO,2008,R.6,10080
JO,2009,R.6,10545
JO,2010,R.6,
JO,2012,R.6,11449
JO,2007,R.8.,13663
JO,2008,R.8.,13663
JO,2009,R.8.,13663
JO,2010,R.8.,10593
JO,2012,R.8.,12367
JO,2007,R18,10104
JO,2008,R18,10104
JO,2009,R18,10104
JO,2010,R18,
JO,2012,R18,12141
JO,2007,R7.,
JO,2008,R7.,10593
JO,2009,R7.,10593
JO,2010,R7.,10872
JO,2007,S.20.,10295
JO,2008,S.20.,11613
JO,2009,S.20.,11613
JO,2010,S.20.,11613
JO,2012,S.20.,11887
JO,2007,S.6.,10312
JO,2008,S.6.,10080
JO,2009,S.6.,
JO,2010,S.6.,
JO,2012,S.6.,11961
JO,2007,S1.,8253
JO,2008,S1.,8253
JO,2009,S1.,10718
JO,2010,S1.,10545
JO,2012,S1.,13426
JO,2007,S10.,10222
JO,2008,S10.,10222
JO,2009,S10.,10222
JO,2010,S10.,11057
JO,2012,S10.,11057
JO,2007,S16.,8645
JO,2008,S16.,8645
JO,2009,S16.,10095
JO,2010,S16.,11527
JO,2012,S16.,11527
JO,2007,T.1,10636
JO,2008,T.1,10636
JO,2009,T.1,10636
JO,2010,T.1,10545
JO,2012,T.1,11608
JO,2007,T.9,10250
JO,2008,T.9,10250
JO,2009,T.9,10250
JO,2010,T.9,11593
JO,2012,T.9,12692
JO,2007,T8,7527
JO,2008,T8,10336
JO,2009,T8,10336
JO,2010,T8,11058
JO,2012,T8,11961
LL,2007,-0.1,8573
LL,2008,-0.1,8573
LL,2009,-0.1,
LL,2010,-0.1,
LL,2006,-0.9,10129
LL,2007,-0.9,10129
LL,2008,-0.9,10334
LL,2009,-0.9,
LL,2010,-0.9,
LL,2012,-1,11940
LL,2006,-1.3,8635
LL,2009,-1.3,10200
LL,2010,-1.3,11345
LL,2012,-1.3,12730
LL,2006,-102,7218
LL,2007,-102,7800
LL,2008,-102,8702
LL,2009,-102,10698
LL,2010,-102,11111
LL,2012,-102,11111
LL,2006,-102,7218
LL,2007,-108,
LL,2008,-108,
LL,2009,-12,
LL,2010,-12,
LL,2012,-12,
LL,2006,-20,7164
LL,2007,-20,10363
LL,2008,-20,10363
LL,2009,-20,10363
LL,2010,-20.201,
LL,2012,-20,11589
LL,2012,-210,12575
LL,2009,-25,13673
LL,2010,-25.201,10903
LL,2012,-25,
LL,2006,-3.2,
LL,2006,-32,8635
LL,2007,-32,10187
LL,2008,-32,10187
LL,2009,-32,10187
LL,2010,-32.201,10187
LL,2012,-32,12359
LL,2006,-4.6.,8573
LL,2007,-4.6.,
LL,2008,-4.6.,10070
LL,2009,-4.6.,10070
LL,2010,-4.6.,10356
LL,2012,-4.6.,11935
LL,2006,-4.6,
LL,2007,-4.9,7357
LL,2008,-4.9,10709
LL,2009,-4.9,10709
LL,2010,-4.9,10709
LL,2012,-4.9,11919
LL,2006,-40,8640
LL,2007,-40,8640
LL,2008,-40,8640
LL,2009,-40,10757
LL,2010,-40,10757
LL,2012,-40,12329
LL,2006,-40,7200
LL,2009,-410,10589
LL,2010,-410,11295
LL,2012,-410,12333
LL,2009,-5.7.,13668
LL,2010,-5.7.,
LL,2012,-5.7.,11919
LL,2006,-53,11212
LL,2007,-53,11212
LL,2008,-53,8686
LL,2009,-53,11212
LL,2010,-53,
LL,2012,-53,12045
LL,2006,-53,11212
LL,2009,-57,10289
LL,2010,-57.201,
LL,2012,-57,11919
LL,2009,-6,10395
LL,2010,-6,10897
LL,2009,-6.1.,11172
LL,2010,-6.1.,10496
LL,2012,-6.5,13186
LL,2006,-6.6.,7797
LL,2007,-6.6.,7797
LL,2008,-6.6.,8254
LL,2009,-6.6.,10716
LL,2010,-6.6.,10716
LL,2012,-6.6.,10709
LL,2006,-61,7163
LL,2007,-61,8469
LL,2008,-61,8469
LL,2009,-61,
LL,2010,-61,10496
LL,2012,-61,
LL,2006,-65,7187
LL,2007,-65,7187
LL,2008,-65,10356
LL,2009,-65,10356
LL,2010,-65,10356
LL,2012,-65,10356
LL,2007,-70,8570
LL,2008,-70,10395
LL,2009,-70,10395
LL,2010,-70.201,10395
LL,2012,-70,8773
LL,2007,-72,8469
LL,2008,-72,10372
LL,2009,-72,10372
LL,2010,-72.201,10372
LL,2012,-72,10496
LL,2007,-81,7782
LL,2008,-81,10357
LL,2009,-81,10357
LL,2010,-81.201,11345
LL,2012,-81,12054
LL,2006,-82,8608
LL,2007,-82,8608
LL,2008,-82,8608
LL,2009,-82,10373
LL,2010,-82,10788
LL,2012,-82,13041
LL,2006,-82,8608
LL,2006,-84,6897
LL,2007,-84,10245
LL,2008,-84,10287
LL,2009,-84,10287
LL,2010,-84.201,11580
LL,2012,-84,11580
LL,2009,-9.1.,10393
LL,2010,-9.1.,10393
LL,2012,-9.1.,10395
LL,2007,-9.2,7782
LL,2008,-9.2,8702
LL,2009,-9.2,10698
LL,2010,-9.2,
LL,2007,-90,10301
LL,2008,-90,10301
LL,2009,-90,10301
LL,2010,-90,
LL,2012,-90,12055
LL,2010,-90.201,10395
LL,2010,"0,0",10348
LL,2009,0.1.,10420
LL,2010,0.1.,
LL,2007,0.10.,
LL,2008,0.10.,10245
LL,2009,0.10.,10245
LL,2010,0.10.,
LL,2006,0,7583
LL,2007,0,7583
LL,2008,0,8573
LL,2009,0,10348
LL,2010,0.201,
LL,2012,0,10418
LL,2012,10,12340
LL,2012,6,12243
LL,2012,A.4.,11464
LL,2009,A.4,10413
LL,2010,A.4,
LL,2012,A.4,11464
LL,2006,A0.,7047
LL,2007,A0.,7893
LL,2008,A0.,10052
LL,2009,A0.,10052
LL,2010,A0.,10495
LL,2012,A0.,10999
LL,2006,A2,10200
LL,2007,A2,10200
LL,2008,A2,8643
LL,2009,A2,10591
LL,2010,A2,10495
LL,2012,A2,12238
LL,2009,A3,10199
LL,2010,A3,
LL,2007,A4,8529
LL,2008,A4,8647
LL,2009,A4,10413
LL,2010,A4,
LL,2012,A4,11464
LL,2007,A7,10297
LL,2008,A7,10297
LL,2009,A7,10297
LL,2010,A7,10903
LL,2012,A7,11941
LL,2006,B.10,10142
LL,2007,B.10,10142
LL,2008,B.10,10142
LL,2009,B.10,10142
LL,2010,B.10,11583
LL,2012,B.10,10810
LL,2009,B.2,10385
LL,2010,B.2,11226
LL,2012,B.3.,11464
LL,2006,B.3,8642
LL,2007,B.3,7691
LL,2008,B.3,10418
LL,2009,B.3,10418
LL,2010,B.3,
LL,2012,B.3,
LL,2009,B0,10699
LL,2010,B0,
LL,2009,B10.,10437
LL,2010,B10.,
LL,2012,B10.,
LL,2009,C.0,12049
LL,2010,C.0,
LL,2007,C.1,10247
LL,2008,C.1,10247
LL,2009,C.1,10247
LL,2010,C.1,10247
LL,2012,C.1,13034
LL,2012,C0,13187
LL,2006,C3,8642
LL,2007,C3,8642
LL,2008,C3,8642
LL,2009,C3,10578
LL,2010,C3,11478
LL,2012,C3,11942
LL,2007,D3.,8685
LL,2008,D3.,8685
LL,2009,D3.,10190
LL,2010,D3.,10910
LL,2007,E.1.,10144
LL,2008,E.1.,10144
LL,2009,E.1.,10144
LL,2010,E.1.,10247
LL,2012,E.1.,8774
LL,2007,E0.,
LL,2008,E0.,13675
LL,2009,E0.,13675
LL,2010,E0.,12049
LL,2012,E0.,12460
LL,2012,E2.,10190
LL,2006,E6,6726
LL,2007,E6,10205
LL,2008,E6,10205
LL,2009,E6,10205
LL,2010,E6,10482
LL,2012,E6,12733
LL,2006,F0.,7145
LL,2007,F0.,
LL,2008,F0.,11510
LL,2009,F0.,11510
LL,2010,F0.,11510
LL,2012,F0.,11645
LL,2006,F3.,7058
LL,2007,F3.,7438
LL,2008,F3.,10152
LL,2009,F3.,10152
LL,2010,F3.,10190
LL,2012,F3.,11699
LL,2006,F5,7502
LL,2007,F5,10190
LL,2008,F5,10346
LL,2009,F5,10346
LL,2010,F5,10346
LL,2012,F5,
LL,2006,G0.,7145
LL,2009,G0.,10708
LL,2010,G0.,
LL,2007,G1.,7888
LL,2008,G1.,8521
LL,2009,G1.,10708
LL,2010,G1.,
LL,2006,G2,7888
LL,2012,G2,10942
LL,2009,H.2,10087
LL,2010,H.2,
LL,2012,H.2,11188
LL,2007,H.4.,8684
LL,2008,H.4.,10347
LL,2009,H.4.,10347
LL,2010,H.4.,10347
LL,2006,H.7,6880
LL,2006,H0.,7888
LL,2009,H0.,10277
LL,2010,H0.,
LL,2012,H0.,12181
LL,2006,H3,7888
LL,2012,H3,12636
LL,2007,H8,10149
LL,2008,H8,10659
LL,2009,H8,10659
LL,2010,H8,10933
LL,2012,H8,
LL,2006,I.1,10144
LL,2007,I.1,
LL,2008,I.1,10277
LL,2009,I.1,10382
LL,2010,I.1,
LL,2006,I.7.,10586
LL,2009,I.7.,10586
LL,2010,I.7.,10586
LL,2012,I.7.,12050
LL,2010,I.7,10586
LL,2009,I3.,
LL,2010,I3.,10347
LL,2012,I3.,12608
LL,2009,J.0.,10382
LL,2010,J.0.,10714
LL,2012,J.0.,11797
LL,2009,J.5.,10640
LL,2010,J.5.,10640
LL,2012,J.5.,13042
LL,2012,J1,12637
LL,2006,J2.,7502
LL,2007,J2.,8715
LL,2008,J2.,8715
LL,2009,J2.,11188
LL,2010,J2.,11188
LL,2012,J2.,11802
LL,2007,J5,7820
LL,2008,J5,10279
LL,2009,J5,10279
LL,2010,J5,10933
LL,2012,J5,11695
LL,2006,K.1,7422
LL,2007,K.1,7422
LL,2008,K.1,8705
LL,2009,K.1,10714
LL,2010,K.1,10714
LL,2009,K.8,
LL,2010,K.8,10151
LL,2012,K.8,
LL,2006,K4,7820
LL,2006,K7,10586
LL,2007,K7,10586
LL,2008,K7,10151
LL,2009,K7,10151
LL,2010,K7,10151
LL,2012,K7,11466
LL,2007,L.0,10122
LL,2008,L.0,10714
LL,2009,L.0,10714
LL,2010,L.0,
LL,2012,L1,12483
LL,2009,L2.,10278
LL,2010,L2.,10278
LL,2012,L2.,11914
LL,2006,L3,6545
LL,2007,L3,10151
LL,2008,L3,8747
LL,2009,L3,8747
LL,2010,L3,10278
LL,2012,L3,11914
LL,2012,L4.,13036
LL,2006,L7,7816
LL,2007,L7,7816
LL,2008,L7,10691
LL,2009,L7,10691
LL,2010,L7,10618
LL,2012,L7,11466
LL,2006,M.1,7032
LL,2007,M.1,10122
LL,2008,M.1,10122
LL,2009,M.1,10122
LL,2010,M.1,10122
LL,2012,M.1,12470
LL,2006,M.6,7004
LL,2007,M.6,10150
LL,2008,M.6,10150
LL,2009,M.6,10150
LL,2010,M.6,10910
LL,2012,M.6,12482
LL,2009,M.8,
LL,2010,M.8,11104
LL,2012,M.8,11725
LL,2006,M2.,
LL,2009,N.4.,10339
LL,2010,N.4.,11105
LL,2012,N.4.,11105
LL,2009,N.5.,10231
LL,2010,N.5.,11105
LL,2012,N.5.,13045
LL,2006,N2.,8445
LL,2007,N2.,8445
LL,2008,N2.,8445
LL,2009,N2.,10753
LL,2010,N2.,10753
LL,2012,N2.,12326
LL,2009,N3.,10163
LL,2010,N3.,10163
LL,2012,N3.,12461
LL,2006,N7,7200
LL,2007,N7,8683
LL,2008,N7,8683
LL,2009,N7,13662
LL,2010,N7,11106
LL,2012,N7,12047
LL,2006,O.3.,10075
LL,2007,O.3.,7736
LL,2008,O.3.,13672
LL,2009,O.3.,13672
LL,2010,O.3.,13672
LL,2012,O.3.,13672
LL,2007,O0.,8296
LL,2008,O0.,13670
LL,2009,O0.,13670
LL,2010,O0.,10508
LL,2012,O0.,10508
LL,2012,O3.,13672
LL,2006,P.5.,10231
LL,2006,P1.,10302
LL,2007,P1.,10302
LL,2008,P1.,10302
LL,2009,P1.,10206
LL,2010,P1.,13661
LL,2012,P1.,12337
LL,2006,P4.,8397
LL,2007,P4.,8397
LL,2008,P4.,8397
LL,2009,P4.,10755
LL,2010,P4.,
LL,2012,P4.,11585
LL,2006,Q.4.,10087
LL,2007,Q.4.,10087
LL,2008,Q.4.,10683
LL,2009,Q.4.,10683
LL,2010,Q.4.,10683
LL,2012,Q.4.,11870
LL,2012,Q.5.,
LL,2007,Q2.,10666
LL,2008,Q2.,10666
LL,2009,Q2.,
LL,2010,Q2.,
LL,2012,Q3,10587
LL,2007,Q6.,10231
LL,2008,Q6.,10231
LL,2009,Q6.,
LL,2010,Q6.,
LL,2012,Q6.,
LL,2007,R.1,10206
LL,2008,R.1,10206
LL,2009,R.1,13661
LL,2010,R.1,13661
LL,2012,R.1,12760
LL,2012,R3,12360
LL,2006,S.0,8296
LL,2009,S.2.,10587
LL,2010,S.2.,10587
LL,2009,S.3.,10587
LL,2010,S.3.,10587
LL,2012,S.3.,11664
LL,2009,S.6,10246
LL,2010,S.6,
LL,2006,S.7.,7823
LL,2009,S.7.,10338
LL,2010,S.7.,
LL,2006,S5.,7026
LL,2007,S5.,10246
LL,2008,S5.,10246
LL,2009,S5.,10246
LL,2010,S5.,8752
LL,2012,S5.,12313
LL,2007,T.2,
LL,2008,T.2,10412
LL,2009,T.2,10412
LL,2010,T.2,10412
LL,2012,T.2,11869
LL,2007,T6,7823
LL,2008,T6,10429
LL,2009,T6,8742
LL,2010,T6,10908
LL,2012,T6,12313
LL,2007,U-0.5,10174
LL,2008,U-0.5,10929
LL,2009,U-0.5,10929
LL,2010,U-0.5,10929
LL,2012,U-0.5,12372
LL,2006,U1,
LL,2007,U4,8258
LL,2008,U4,11208
LL,2009,U4,11208
LL,2010,U4,11208
LL,2012,U4,13043
LL,2012,U5,10908
LL,2009,V.2.,10415
LL,2010,V.2.,10415
LL,2012,V.2.,12046
LL,2007,V.6,7817
LL,2008,V.6,8626
LL,2009,V.6,10424
LL,2010,V.6,
LL,2012,V.6,11937
LL,2012,V0,12374